"number","qrCode","trainerFullName","landingUrl"
"1","TR-001","","https://padlhub.ru/ab_leto?qr=TR-001"
"2","TR-002","","https://padlhub.ru/ab_leto?qr=TR-002"
"3","TR-003","","https://padlhub.ru/ab_leto?qr=TR-003"
"4","TR-004","","https://padlhub.ru/ab_leto?qr=TR-004"
"5","TR-005","","https://padlhub.ru/ab_leto?qr=TR-005"
"6","TR-006","","https://padlhub.ru/ab_leto?qr=TR-006"
"7","TR-007","","https://padlhub.ru/ab_leto?qr=TR-007"
"8","TR-008","","https://padlhub.ru/ab_leto?qr=TR-008"
"9","TR-009","","https://padlhub.ru/ab_leto?qr=TR-009"
"10","TR-010","","https://padlhub.ru/ab_leto?qr=TR-010"
"11","TR-011","","https://padlhub.ru/ab_leto?qr=TR-011"
"12","TR-012","","https://padlhub.ru/ab_leto?qr=TR-012"
"13","TR-013","","https://padlhub.ru/ab_leto?qr=TR-013"
"14","TR-014","","https://padlhub.ru/ab_leto?qr=TR-014"
"15","TR-015","","https://padlhub.ru/ab_leto?qr=TR-015"
"16","TR-016","","https://padlhub.ru/ab_leto?qr=TR-016"
"17","TR-017","","https://padlhub.ru/ab_leto?qr=TR-017"
"18","TR-018","","https://padlhub.ru/ab_leto?qr=TR-018"
"19","TR-019","","https://padlhub.ru/ab_leto?qr=TR-019"
"20","TR-020","","https://padlhub.ru/ab_leto?qr=TR-020"
"21","TR-021","","https://padlhub.ru/ab_leto?qr=TR-021"
"22","TR-022","","https://padlhub.ru/ab_leto?qr=TR-022"
"23","TR-023","","https://padlhub.ru/ab_leto?qr=TR-023"
"24","TR-024","","https://padlhub.ru/ab_leto?qr=TR-024"
"25","TR-025","","https://padlhub.ru/ab_leto?qr=TR-025"
"26","TR-026","","https://padlhub.ru/ab_leto?qr=TR-026"
"27","TR-027","","https://padlhub.ru/ab_leto?qr=TR-027"
"28","TR-028","","https://padlhub.ru/ab_leto?qr=TR-028"
"29","TR-029","","https://padlhub.ru/ab_leto?qr=TR-029"
"30","TR-030","","https://padlhub.ru/ab_leto?qr=TR-030"
"31","TR-031","","https://padlhub.ru/ab_leto?qr=TR-031"
"32","TR-032","","https://padlhub.ru/ab_leto?qr=TR-032"
"33","TR-033","","https://padlhub.ru/ab_leto?qr=TR-033"
"34","TR-034","","https://padlhub.ru/ab_leto?qr=TR-034"
"35","TR-035","","https://padlhub.ru/ab_leto?qr=TR-035"
"36","TR-036","","https://padlhub.ru/ab_leto?qr=TR-036"
"37","TR-037","","https://padlhub.ru/ab_leto?qr=TR-037"
"38","TR-038","","https://padlhub.ru/ab_leto?qr=TR-038"
"39","TR-039","","https://padlhub.ru/ab_leto?qr=TR-039"
"40","TR-040","","https://padlhub.ru/ab_leto?qr=TR-040"
"41","TR-041","","https://padlhub.ru/ab_leto?qr=TR-041"
"42","TR-042","","https://padlhub.ru/ab_leto?qr=TR-042"
"43","TR-043","","https://padlhub.ru/ab_leto?qr=TR-043"
"44","TR-044","","https://padlhub.ru/ab_leto?qr=TR-044"
"45","TR-045","","https://padlhub.ru/ab_leto?qr=TR-045"
"46","TR-046","","https://padlhub.ru/ab_leto?qr=TR-046"
"47","TR-047","","https://padlhub.ru/ab_leto?qr=TR-047"
"48","TR-048","","https://padlhub.ru/ab_leto?qr=TR-048"
"49","TR-049","","https://padlhub.ru/ab_leto?qr=TR-049"
"50","TR-050","","https://padlhub.ru/ab_leto?qr=TR-050"
